<?xml version="1.0" encoding="UTF-8"?>
<configurationDescriptor version="80">
  <logicalFolder name="root" displayName="root" projectFiles="true" kind="ROOT">
    <logicalFolder name="HeaderFiles"
                   displayName="Header Files"
                   projectFiles="true">
    </logicalFolder>
    <logicalFolder name="ResourceFiles"
                   displayName="Resource Files"
                   projectFiles="true">
    </logicalFolder>
    <logicalFolder name="SourceFiles"
                   displayName="Source Files"
                   projectFiles="true">
      <itemPath>algorithm.cpp</itemPath>
      <itemPath>find_slope.cpp</itemPath>
      <itemPath>main_bussi.cpp</itemPath>
      <itemPath>newmain.cpp</itemPath>
      <itemPath>record.cpp</itemPath>
    </logicalFolder>
    <logicalFolder name="TestFiles"
                   displayName="Test Files"
                   projectFiles="false"
                   kind="TEST_LOGICAL_FOLDER">
    </logicalFolder>
    <logicalFolder name="ExternalFiles"
                   displayName="Important Files"
                   projectFiles="false"
                   kind="IMPORTANT_FILES_FOLDER">
      <itemPath>Makefile</itemPath>
    </logicalFolder>
  </logicalFolder>
  <projectmakefile>Makefile</projectmakefile>
  <confs>
    <conf name="Debug" type="1">
      <toolsSet>
        <remote-sources-mode>LOCAL_SOURCES</remote-sources-mode>
        <compilerSet>default</compilerSet>
      </toolsSet>
      <compileType>
        <linkerTool>
          <linkerLibItems>
            <linkerOptionItem>`pkg-config --libs opencv`</linkerOptionItem>
          </linkerLibItems>
        </linkerTool>
      </compileType>
      <item path="algorithm.cpp" ex="true" tool="1" flavor="0">
      </item>
      <item path="find_slope.cpp" ex="true" tool="1" flavor="0">
      </item>
      <item path="newmain.cpp" ex="true" tool="1" flavor="0">
      </item>
      <item path="record.cpp" ex="true" tool="1" flavor="0">
      </item>
    </conf>
    <conf name="Release" type="1">
      <toolsSet>
        <remote-sources-mode>LOCAL_SOURCES</remote-sources-mode>
        <compilerSet>default</compilerSet>
      </toolsSet>
      <compileType>
        <cTool>
          <developmentMode>5</developmentMode>
        </cTool>
        <ccTool>
          <developmentMode>5</developmentMode>
        </ccTool>
        <fortranCompilerTool>
          <developmentMode>5</developmentMode>
        </fortranCompilerTool>
        <asmTool>
          <developmentMode>5</developmentMode>
        </asmTool>
      </compileType>
    </conf>
  </confs>
</configurationDescriptor>
